Word,Themes
affirming care,Health
at risk,Health
barrier,Health
climate crisis,Health
mental health,Health
pregnant people,Health
trauma,Health
vulnerable populations,Health
BIPOC,Race
racial justice,Race
cultural heritage,Race
equity,Race
racial diversity,Race
diversity,Race
minority,Race
inequality,Race
gender identity,Gender
assigned at birth,Gender
pronouns,Gender
transgender,Gender
women,Gender
LGBTQ,Sexual
sexuality,Sexual
men who have sex with men,Sexual
orientation,Sexual
advocacy,Social Justice
activism,Social Justice
bias,Social Justice
discrimination,Social Justice
inclusivity,Social Justice
intersectionality,Social Justice
oppression,Social Justice
social justice,Social Justice
