url,domain
/web/20240101193934/https://www.sustainability.gov/federalsustainabilityplan/workforce.html,sustainability.gov
/web/20240101235659/https://www.epa.gov/environmental-topics,epa.gov
/web/20240101193934/https://www.sustainability.gov/archived-resources.html,sustainability.gov
/web/20240101235659/https://www.epa.gov/aboutepa/regional-and-geographic-offices,epa.gov
/web/20240101235659/https://www.epa.gov/environmental-topics/chemicals-pesticides-and-toxics-topics,epa.gov
/web/20240101235659/https://www.epa.gov/environmental-topics/greener-living,epa.gov
/web/20240101235659/https://www.epa.gov/foia,epa.gov
/web/20240101235659/https://www.epa.gov/environmentaljustice,epa.gov
https://web.archive.org/web/20240101235659/https://cfpub.epa.gov/locator/index.cfm,epa.gov
/web/20240101235659/https://www.epa.gov/web-policies-and-procedures/epa-disclaimers,epa.gov
/web/20240101193934/https://www.sustainability.gov/federalsustainabilityplan/emissions.html,sustainability.gov
http://www.epa.gov/,epa.gov
/web/20240101235659/https://www.epa.gov/aboutepa/research-centers-programs-and-science-advisory-organizations,epa.gov
/web/20240101193934/https://www.sustainability.gov/sustainability-series.html,sustainability.gov
/web/20240101193934/https://www.sustainability.gov/whoweare.html,sustainability.gov
/web/20240101235659/https://www.epa.gov/ground-water-and-drinking-water,epa.gov
/web/20240101193934/https://www.sustainability.gov/federalsustainabilityplan/fleet.html,sustainability.gov
/web/20240101193934/https://www.sustainability.gov/federalsustainabilityplan/carbon.html,sustainability.gov
/web/20240101235659/https://www.epa.gov/planandbudget,epa.gov
https://web.archive.org/web/20240101235659/https://espanol.epa.gov/,epa.gov
/web/20240101235659/https://www.epa.gov/newsreleases/epa-reaches-agreement-advance-cleanup-san-german-superfund-site-puerto-rico,epa.gov
/web/20240101235659/https://www.epa.gov/environmental-topics/environmental-information-by-location,epa.gov
/web/20240101235659/https://www.epa.gov/newsreleases/biden-harris-administration-selects-texas-southern-university-receive-50000000-fund,epa.gov
/web/20240101235659/https://www.epa.gov/perspectives,epa.gov
/web/20240101235659/https://www.epa.gov/data,epa.gov
/web/20240101235659/https://www.epa.gov/home/frequent-questions-specific-epa-programstopics,epa.gov
https://www.sustainability.gov/,sustainability.gov
/web/20240101235659/https://www.epa.gov/environmental-topics/water-topics,epa.gov
/web/20240101193934/https://www.sustainability.gov/federalsustainabilityplan/index.html,sustainability.gov
/web/20240101235659/https://www.epa.gov/lep/vietnamese,epa.gov
https://epa.gov/,epa.gov
/web/20240101193934/https://www.sustainability.gov/policy.html,sustainability.gov
/web/20240101235659/https://www.epa.gov/environmental-topics/land-waste-and-cleanup-topics,epa.gov
/web/20240101235659/https://www.epa.gov/ocr/whistleblower-protections-epa-and-how-they-relate-non-disclosure-agreements-signed-epa,epa.gov
/web/20240101235659/https://www.epa.gov/aboutepa/epa-hotlines,epa.gov
/web/20240101235659/https://www.epa.gov/mold,epa.gov
/web/20240101235659/https://www.epa.gov/lep/simplified-chinese,epa.gov
/web/20240101235659/https://www.epa.gov/lep/saude-e-informacoes-ambientais-em-portugues,epa.gov
/web/20240101235659/https://www.epa.gov/lep/traditional-chinese,epa.gov
/web/20240101235659/https://www.epa.gov/alerts,epa.gov
/web/20240101235659/https://www.epa.gov/laws-regulations,epa.gov
/web/20240101235659/https://www.epa.gov/privacy,epa.gov
/web/20240101235659/https://www.epa.gov/history,epa.gov
/web/20240101235659/https://www.epa.gov/web-policies-and-procedures/plain-writing,epa.gov
/web/20240101193934/https://www.sustainability.gov/federalsustainabilityplan/partnerships.html,sustainability.gov
/web/20240101235659/https://www.epa.gov/environmental-topics/epa-efforts-reduce-exposure-carcinogens-and-prevent-cancer,epa.gov
/web/20240101235659/https://www.epa.gov/lep/sante-ak-anviwonman-enfomasyon-kreyol-ayisyen,epa.gov
/web/20240101235659/https://www.epa.gov/enforcement,epa.gov
/web/20240101235659/https://www.epa.gov/,epa.gov
/web/20240101235659/https://www.epa.gov/grants,epa.gov
/web/20240101235659/https://www.epa.gov/home/forms/send-request-technical-support,epa.gov
/web/20240101235659/https://www.epa.gov/aboutepa/epa-administrator,epa.gov
/web/20240101235659/https://www.epa.gov/privacy/privacy-and-security-notice,epa.gov
/web/20240101235659/https://www.epa.gov/lep/korean,epa.gov
https://web.archive.org/web/20240101235659/https://www.epa.gov/node/37925,epa.gov
/web/20240101193934/https://www.sustainability.gov/federalsustainabilityplan/procurement.html,sustainability.gov
/web/20240101235659/https://www.epa.gov/newsreleases/search,epa.gov
/web/20240101235659/https://www.epa.gov/perspectives/how-community-led-change-helping-rural-places-and-people-thrive,epa.gov
/web/20240101235659/https://www.epa.gov/regulatory-information-topic,epa.gov
/web/20240101235659/https://www.epa.gov/topics-epa-web,epa.gov
/web/20240101235659/https://www.epa.gov/newsreleases/epa-completes-cleanup-187-properties-year-jacobsville-superfund-site-evansville,epa.gov
/web/20240101193934/https://www.sustainability.gov/leadingbyexample.html,sustainability.gov
/web/20240101235659/https://www.epa.gov/environmental-topics/health-topics,epa.gov
/web/20240101235659/https://www.epa.gov/newsreleases/biden-harris-administration-finalizes-standards-slash-methane-pollution-combat-climate,epa.gov
/web/20240101235659/https://www.epa.gov/contracts,epa.gov
/web/20240101193934/https://www.sustainability.gov/progress.html,sustainability.gov
/web/20240101235659/https://www.epa.gov/aboutepa,epa.gov
/web/20240101235659/https://www.epa.gov/lead,epa.gov
/web/20240101235659/https://www.epa.gov/aboutepa/epa-organization-chart,epa.gov
/web/20240101235659/https://www.epa.gov/lep/russian,epa.gov
/web/20240101235659/https://www.epa.gov/lep/tagalog,epa.gov
/web/20240101235659/https://www.epa.gov/emergency-response,epa.gov
http://sustainability.gov/,sustainability.gov
/web/20240101235659/https://www.epa.gov/invest/investments-epa-under-bipartisan-infrastructure-law,epa.gov
/web/20240101235659/https://www.epa.gov/home/forms/contact-epa,epa.gov
/web/20240101235659/https://www.epa.gov/aboutepa/our-mission-and-what-we-do,epa.gov
/web/20240101235659/https://www.epa.gov/climate-change,epa.gov
/web/20240101235659/https://www.epa.gov/bedbugs,epa.gov
/web/20240101235659/https://www.epa.gov/aboutepa#hq,epa.gov
/web/20240101235659/https://www.epa.gov/newsroom,epa.gov
https://www.epa.gov/,epa.gov
/web/20240101193934/https://www.sustainability.gov/buyclean/index.html,sustainability.gov
/web/20240101235659/https://www.epa.gov/newsreleases/biden-harris-administration-proposes-strengthen-lead-and-copper-rule-protect-all,epa.gov
/web/20240101193934/https://www.sustainability.gov/federalsustainabilityplan/buildings.html,sustainability.gov
/web/20240101235659/https://www.epa.gov/compliance,epa.gov
/web/20240101193934/https://www.sustainability.gov/federalsustainabilityplan/resilience.html,sustainability.gov
/web/20240101235659/https://www.epa.gov/accessibility/epa-accessibility-statement,epa.gov
/web/20240101235659/https://www.epa.gov/newsroom/email-subscriptions-epa-news-releases,epa.gov
/web/20240101235659/https://www.epa.gov/environmental-topics/air-topics,epa.gov
/web/20240101235659/https://www.epa.gov/radon,epa.gov
/web/20240101235659/https://www.epa.gov/newsreleases/36-million-epa-grant-ontario-calif-spur-recycling-reduce-food-waste,epa.gov
https://web.archive.org/web/20240101235659/https://echo.epa.gov/report-environmental-violations,epa.gov
https://www3.epa.gov/,epa.gov
/web/20240101235659/https://www.epa.gov/radon/find-radon-test-kit-or-measurement-and-mitigation-professional,epa.gov
/web/20240101235659/https://www.epa.gov/perspectives/silver-anniversary-gold-standard-childrens-environmental-health-protection,epa.gov
/web/20240101235659/https://www.epa.gov/environmental-topics/science-topics,epa.gov
http://www3.epa.gov/,epa.gov
/web/20240101193934/https://www.sustainability.gov/newsroom.html,sustainability.gov
/web/20240101235659/https://www.epa.gov/regulatory-information-sector,epa.gov
/web/20240101235659/https://www.epa.gov/report-violation,epa.gov
/web/20240101235659/https://www.epa.gov/radon/health-risk-radon,epa.gov
/web/20240101235659/https://www.epa.gov/laws-regulations/laws-and-executive-orders,epa.gov
/web/20240101193934/https://www.sustainability.gov/government_data.html,sustainability.gov
/web/20240101235659/https://www.epa.gov/invest,epa.gov
/web/20240101235659/https://www.epa.gov/laws-regulations/regulations,epa.gov
/web/20240101193934/https://www.sustainability.gov/ggi/index.html,sustainability.gov
https://sustainability.gov/,sustainability.gov
/web/20240101193934/https://www.sustainability.gov/about_cso.html,sustainability.gov
/web/20240101235659/https://www.epa.gov/lep/arabic,epa.gov
/web/20240101235659/https://www.epa.gov/careers,epa.gov
/web/20240101193934/https://www.sustainability.gov/resources.html,sustainability.gov
/web/20240101193934/https://www.sustainability.gov/federalsustainabilityplan/justice.html,sustainability.gov
http://epa.gov/,epa.gov
/web/20240101193934/https://www.sustainability.gov/resources-eo-efo.html,sustainability.gov
/web/20240101235659/https://www.epa.gov/utilities/wwwepagov-snapshots,epa.gov
/web/20240101235659/https://www.epa.gov/newsreleases/epa-new-england-provides-tips-healthier-heating-season-0,epa.gov
/web/20240101235659/https://www.epa.gov/grants/epa-grants-webinars,epa.gov
/web/20240101235659/https://www.epa.gov/research,epa.gov
/web/20240101193934/https://www.sustainability.gov/about.html,sustainability.gov
